Class Index,Title,Description
3,Global Leaders Meet to Discuss Economic Stability,Government officials gather to address economic challenges and explore strategies for sustainable global growth.
1,New Artificial Intelligence Tool Improves Medical Diagnosis,Researchers unveil an AI system designed to assist doctors in identifying diseases more quickly and accurately.
4,Scientists Warn of Accelerating Arctic Ice Melt,Climate experts report that rising global temperatures are contributing to faster melting of Arctic sea ice.
1,Education Reform Plan Gains Support from Lawmakers,A proposed reform package aims to improve school funding teacher training and student performance.
4,Private Space Company Announces Lunar Exploration Mission,A commercial space company reveals plans to send scientific equipment to the Moon within the next decade.
3,Renewable Energy Investments Reach Record Levels,Energy companies increase spending on solar wind and other renewable energy technologies.
4,Farmers Adopt Smart Irrigation Technology,Advanced irrigation systems help agricultural producers conserve water and improve crop yields.
4,Cities Introduce Smart Traffic Management Systems,Urban planners deploy data-driven systems to reduce traffic congestion and improve road safety.
4,Cybersecurity Experts Highlight Rising Online Threats,Security specialists warn businesses about increasing risks from cyber attacks and data breaches.
3,Global Markets React to Changes in Trade Policy,Investors monitor shifting economic conditions as governments adjust international trade rules.
4,Researchers Study Long-Term Effects of Air Pollution,Scientists examine how prolonged exposure to pollution affects public health.
4,Tech Startups Drive Innovation in Robotics,Entrepreneurs develop robotic systems designed to improve efficiency in manufacturing and logistics.
3,Healthcare Providers Expand Telemedicine Services,Medical institutions adopt digital consultations to reach patients in remote areas.
4,Environmental Groups Push for Stronger Climate Action,Advocacy organizations urge governments to implement policies that reduce greenhouse gas emissions.
4,Universities Launch Programs in Artificial Intelligence,Educational institutions introduce new courses focused on machine learning and data science.
4,Astronomers Discover New Exoplanet in Nearby Star System,Scientists detect a planet outside the solar system that may offer clues about planetary formation.
3,Wind Energy Projects Expand Across Rural Regions,Developers build new wind farms to support growing demand for renewable electricity.
4,Scientists Develop Biodegradable Packaging Materials,Researchers create environmentally friendly packaging that breaks down naturally over time.
3,Electric Vehicle Adoption Continues to Increase,Consumers show growing interest in electric transportation options.
3,Public Health Officials Promote Preventive Care Programs,Health organizations encourage routine screenings and wellness initiatives.
3,Global Supply Chains Adapt to Changing Demand,Manufacturers adjust production and shipping strategies to respond to market shifts.
4,Artificial Intelligence Helps Improve Weather Forecasting,Machine learning models enhance the accuracy of short term weather predictions.
4,Ocean Scientists Study Impact of Plastic Pollution,Marine researchers investigate how plastic waste affects ocean ecosystems.
4,Education Technology Platforms Transform Online Learning,New digital tools provide interactive experiences for students studying remotely.
4,Satellite Technology Expands Global Internet Access,Communications companies launch satellites to improve connectivity worldwide.
4,Urban Development Projects Focus on Sustainability,City planners emphasize environmentally friendly design in new infrastructure projects.
4,Researchers Explore Advances in Quantum Computing,Scientists investigate computing systems capable of solving complex problems faster.
1,Medical Breakthrough Offers Hope for Rare Disease Patients,Doctors report progress in treatments targeting previously untreatable conditions.
4,Climate Scientists Monitor Rising Sea Levels,Studies show coastal regions may face increased flooding risks in the coming decades.
4,Agricultural Innovation Helps Farmers Increase Efficiency,New technologies support better crop monitoring and farm management.
3,Transportation Officials Consider High Speed Rail Expansion,Infrastructure planners evaluate rail systems designed for faster travel between cities.
4,Cybersecurity Researchers Detect New Malware Strains,Experts identify malicious software targeting corporate networks.
3,Financial Analysts Predict Continued Market Volatility,Investors prepare for uncertainty amid shifting economic indicators.
4,Scientists Investigate Renewable Hydrogen Energy,Research teams examine hydrogen as a potential clean energy source.
4,Digital Payment Systems Gain Popularity Worldwide,Consumers increasingly adopt contactless and mobile payment solutions.
4,Space Telescope Captures Detailed Images of Distant Galaxies,Astronomers analyze new observations revealing structures in deep space.
4,Education Experts Encourage Lifelong Learning Programs,Institutions promote ongoing education to help workers adapt to new industries.
4,Environmental Conservation Efforts Protect Wildlife Habitats,Organizations work to preserve ecosystems threatened by human activity.
4,Artificial Intelligence Assists in Drug Discovery,Pharmaceutical researchers use machine learning to identify potential medications.
4,Energy Storage Breakthrough Improves Battery Efficiency,Scientists design new battery technologies for renewable energy storage.
4,Urban Air Quality Studies Reveal Pollution Patterns,Researchers analyze data showing how pollution levels vary across cities.
4,Tech Industry Debates Regulation of Emerging Technologies,Policy makers and companies discuss possible rules governing advanced technologies.
4,Scientists Map Previously Unknown Ocean Regions,Exploration missions gather new data about unexplored parts of the seafloor.
4,Global Tourism Industry Shows Signs of Recovery,Travel demand rises as destinations reopen and tourism resumes.
4,Robotics Systems Assist Surgeons in Complex Operations,Hospitals adopt robotic tools that support precision during surgery.
4,Researchers Examine Links Between Diet and Health,Studies investigate how nutritional choices influence long term wellbeing.
3,Renewable Power Grids Improve Energy Distribution,Smart grid systems help balance electricity supply from multiple sources.
4,Climate Adaptation Strategies Help Communities Prepare,Local governments implement plans to manage extreme weather risks.
1,Autonomous Vehicle Testing Expands in Urban Areas,Companies conduct controlled trials of self driving cars in major cities.
4,Scientists Explore New Methods for Carbon Capture,Research focuses on technologies that remove carbon dioxide from the atmosphere.
3,Global Trade Talks Resume After Economic Slowdown,International negotiators meet to discuss trade agreements aimed at stabilizing global markets.
4,Researchers Introduce Breakthrough in Solar Panel Efficiency,Engineers develop a new solar cell design capable of producing more electricity from sunlight.
1,Public Health Officials Monitor Emerging Virus Strain,Health agencies increase surveillance efforts after identifying a newly detected virus variant.
4,Major Technology Firms Invest in Advanced Chip Manufacturing,Companies expand semiconductor production to address global supply shortages.
4,Scientists Study Effects of Drought on Agriculture,New research examines how prolonged drought conditions impact crop production.
1,Education Leaders Promote New Teacher Training Programs,School administrators introduce initiatives designed to improve classroom instruction.
4,Commercial Space Industry Expands Satellite Services,Private companies launch new satellites to improve communication and Earth monitoring.
4,Environmental Scientists Track Changes in Forest Ecosystems,Researchers analyze how climate shifts are altering forest biodiversity.
4,Electric Vehicle Charging Networks Grow Nationwide,Infrastructure projects increase access to charging stations for electric vehicles.
3,Financial Markets Respond to Central Bank Policy Updates,Investors react as monetary authorities announce changes to interest rates.
4,Robotics Technology Improves Warehouse Logistics,Automated systems help companies manage inventory and shipping operations.
4,Medical Researchers Develop New Diagnostic Test,Scientists create a faster method for detecting infectious diseases.
3,Urban Planners Focus on Sustainable Housing Solutions,Cities explore environmentally friendly designs for future housing developments.
4,Artificial Intelligence Tools Assist Climate Research,Machine learning models help scientists analyze large climate datasets.
4,Agricultural Scientists Test Climate Resistant Crops,New crop varieties are designed to withstand extreme weather conditions.
4,Transportation Officials Propose Expansion of Public Transit,Government planners evaluate new bus and rail routes for growing cities.
4,Tech Entrepreneurs Launch Innovative Startup Platforms,New companies introduce platforms aimed at supporting digital businesses.
4,Marine Biologists Study Decline of Coastal Fish Populations,Researchers investigate environmental factors affecting fisheries.
3,Energy Analysts Examine Future of Nuclear Power,Experts discuss the role nuclear energy may play in reducing emissions.
4,Schools Introduce Coding Programs for Young Students,Educational programs encourage children to learn programming skills early.
4,Global Health Organizations Coordinate Disease Prevention Efforts,International agencies collaborate on strategies to reduce outbreak risks.
4,Scientists Explore Potential of Fusion Energy,Research teams investigate experimental reactors capable of producing clean energy.
4,Digital Security Experts Warn About Phishing Campaigns,Cybersecurity professionals advise users to remain cautious of fraudulent emails.
4,Climate Researchers Analyze Record Breaking Heatwaves,Studies examine the increasing frequency of extreme temperature events.
3,Medical Experts Emphasize Importance of Vaccination Programs,Doctors highlight vaccines as a critical tool for preventing disease.
4,Space Scientists Plan Mission to Study Asteroids,Researchers design spacecraft intended to collect data from near Earth asteroids.
4,Financial Technology Companies Expand Mobile Banking Services,Digital platforms enable users to manage finances through smartphone applications.
4,Researchers Investigate Microplastic Pollution in Rivers,Environmental studies measure the spread of microscopic plastic particles.
3,Artificial Intelligence Helps Detect Financial Fraud,Banks deploy machine learning systems to identify suspicious transactions.
4,Renewable Energy Projects Bring Jobs to Rural Communities,New wind and solar facilities contribute to local economic growth.
4,Urban Transportation Programs Encourage Bicycle Use,Cities develop bike friendly infrastructure to reduce traffic congestion.
4,Scientists Discover New Species in Tropical Rainforest,Biologists document previously unknown organisms during field research.
4,Healthcare Systems Adopt Digital Patient Records,Hospitals transition to electronic systems that improve medical data management.
4,Researchers Examine Impact of Sleep on Mental Health,Studies suggest sleep patterns may strongly influence emotional wellbeing.
4,Technology Conference Showcases Emerging Innovations,Developers present new ideas in computing robotics and digital services.
4,Environmental Agencies Launch Coastal Protection Plans,Programs focus on safeguarding communities from rising sea levels.
1,Medical Breakthrough Offers New Hope for Diabetes Treatment,Clinical researchers report progress in therapies targeting blood sugar regulation.
4,Engineers Develop Smart Sensors for Infrastructure Monitoring,Advanced sensors track structural conditions in bridges and buildings.
4,Climate Policy Discussions Continue at International Summit,Delegates negotiate agreements aimed at reducing global carbon emissions.
4,Space Exploration Programs Inspire Student Interest in Science,Educational initiatives highlight careers in astronomy and engineering.
4,Digital Media Platforms Expand Global Content Distribution,Streaming services invest in producing and sharing international programming.
4,Public Transit Systems Introduce Contactless Payment Options,Transportation networks adopt digital payment technologies for commuters.
4,Scientists Study Migration Patterns of Arctic Wildlife,Tracking data reveals how animals adapt to environmental change.
4,Energy Storage Innovations Support Renewable Power Grids,Improved battery systems help stabilize electricity from renewable sources.
4,Universities Collaborate on Global Research Projects,Academic institutions partner to address complex scientific challenges.
4,Robotics Engineers Build Machines for Disaster Response,Rescue teams test robots designed to operate in hazardous environments.
4,Researchers Explore Benefits of Urban Green Spaces,Studies show parks and vegetation improve public health in cities.
4,Technology Companies Expand Investment in Cybersecurity,Businesses strengthen defenses against increasingly complex cyber threats.
1,Medical Teams Use Data Analytics to Improve Patient Care,Healthcare providers analyze data to enhance treatment planning.
4,Scientists Investigate Methods to Restore Coral Reefs,Marine restoration projects aim to rebuild damaged reef ecosystems.
3,Government Announces New Infrastructure Investment Plan,Officials reveal a long term plan aimed at modernizing roads bridges and public facilities.
4,Scientists Develop Method to Remove Carbon from Air,Researchers test technology designed to capture carbon dioxide directly from the atmosphere.
4,Technology Companies Collaborate on Open Source Software,Several firms join forces to build shared software tools for developers worldwide.
4,Healthcare Workers Advocate for Improved Hospital Staffing,Medical professionals call for policy changes to address staffing shortages in hospitals.
4,Researchers Study Impact of Urban Heat Islands,Scientists analyze how dense city environments trap heat and affect residents.
1,International Summit Focuses on Global Food Security,World leaders discuss strategies to ensure stable food supplies for growing populations.
3,Artificial Intelligence Improves Disaster Prediction Models,Advanced algorithms help researchers forecast natural disasters more accurately.
4,Electric Aviation Projects Move Closer to Commercial Use,Aircraft manufacturers test electric powered planes designed to reduce emissions.
4,Marine Scientists Investigate Deep Ocean Currents,New research explores how underwater currents influence global climate systems.
3,Financial Experts Discuss Future of Digital Banking,Industry leaders examine emerging technologies shaping modern financial services.
4,New Study Highlights Benefits of Urban Tree Planting,Environmental researchers report that expanding tree coverage improves air quality.
4,Technology Startups Introduce Smart Home Innovations,Entrepreneurs develop devices that automate lighting heating and security systems.
4,Scientists Examine Long Term Effects of Microplastics,Research teams study how tiny plastic particles affect ecosystems and wildlife.
4,Transportation Officials Test Autonomous Bus Systems,City transit agencies experiment with driverless buses on selected routes.
4,Researchers Develop Wearable Devices for Health Monitoring,New wearable technology tracks heart rate activity levels and other vital signs.
4,Space Scientists Plan Telescope for Studying Distant Stars,Astronomers design a powerful instrument capable of observing faint cosmic objects.
4,Climate Researchers Evaluate Coastal Flood Protection,Studies focus on new engineering approaches to defend coastal cities.
4,Global Shipping Industry Adopts Greener Fuel Options,Shipping companies explore alternative fuels to reduce environmental impact.
4,Education Programs Encourage Students to Study Engineering,Schools promote science and engineering careers through specialized programs.
1,Medical Researchers Investigate New Antibiotic Compounds,Scientists search for drugs capable of treating antibiotic resistant bacteria.
3,Energy Experts Analyze Growth of Offshore Wind Farms,Large scale offshore projects promise to generate significant renewable power.
4,Urban Designers Promote Walkable City Neighborhoods,City planners prioritize pedestrian friendly streets and accessible public spaces.
4,Scientists Explore Advances in Brain Imaging Technology,New scanning methods help researchers better understand neural activity.
4,Digital Privacy Advocates Call for Stronger Data Protections,Organizations urge lawmakers to strengthen consumer privacy regulations.
4,Researchers Study Wildlife Adaptation to Climate Change,Biologists examine how animals adjust to shifting environmental conditions.
4,Financial Technology Firms Expand Peer to Peer Payment Services,Mobile apps allow users to transfer money instantly between accounts.
4,Artificial Intelligence Systems Assist Agricultural Planning,AI models help farmers predict crop performance and optimize planting schedules.
4,Public Transportation Systems Add Electric Bus Fleets,Cities replace diesel buses with electric vehicles to reduce emissions.
4,Scientists Discover Promising New Battery Materials,Research suggests new materials could extend battery lifespan and capacity.
4,Healthcare Organizations Expand Community Wellness Programs,Local initiatives encourage exercise nutrition and preventive health care.
4,Satellite Data Helps Monitor Global Deforestation,Environmental groups track forest loss using advanced satellite imagery.
4,Researchers Study Role of Oceans in Climate Regulation,Oceanographers examine how sea currents influence global weather patterns.
4,Technology Firms Develop Tools for Remote Collaboration,New software platforms support teamwork across distributed workplaces.
4,Education Officials Introduce Curriculum Focused on Digital Skills,Schools update lessons to include coding cybersecurity and data literacy.
4,Scientists Investigate Sustainable Water Desalination Methods,Engineers design systems to convert seawater into fresh drinking water efficiently.
4,International Organizations Launch Wildlife Protection Effort,Global conservation groups coordinate actions to protect endangered species.
4,Medical Teams Research New Approaches to Pain Management,Studies evaluate therapies that reduce reliance on traditional medications.
4,Space Agencies Test Landing Systems for Future Missions,Engineers experiment with technology designed for safe spacecraft landings.
4,Environmental Researchers Examine Soil Health Trends,Studies analyze how soil conditions influence agricultural productivity.
4,Urban Innovation Labs Develop Smart City Solutions,Researchers test technology that improves traffic energy use and public safety.
3,Economists Analyze Changing Patterns in Global Trade,Reports explore how shifting supply chains affect economic relationships.
4,Scientists Study Atmospheric Changes in Polar Regions,Research flights collect data about temperature and wind conditions near the poles.
4,Digital Education Platforms Expand Access to Learning,Online systems allow students worldwide to participate in academic courses.
4,Engineers Design Bridges Using Advanced Materials,New construction techniques improve structural durability and safety.
1,Public Health Officials Promote Healthy Lifestyle Campaigns,Programs encourage communities to adopt balanced diets and regular exercise.
4,Researchers Explore Robotics for Environmental Cleanup,Robots are being designed to collect waste and pollutants in difficult locations.
4,Climate Scientists Examine Impact of Melting Glaciers,Studies investigate how shrinking glaciers affect freshwater resources.
4,Technology Industry Invests in Next Generation Networks,Companies develop faster communication infrastructure to support future devices.
4,Scientists Research Natural Methods for Pest Control,Biological solutions offer alternatives to traditional agricultural pesticides.
3,Energy Policy Discussions Focus on Sustainable Development,Leaders debate strategies for balancing economic growth with environmental protection.
4,International Researchers Launch Global Climate Study,Scientists from multiple countries collaborate on a large study examining long term climate patterns.
4,Technology Firms Reveal New Advances in Cloud Computing,Companies introduce improved cloud infrastructure designed to handle growing data demands.
4,Healthcare Leaders Discuss Future of Digital Medicine,Medical experts explore how technology can transform patient care and hospital systems.
4,Scientists Discover New Insights into Ocean Ecosystems,Marine research uncovers previously unknown interactions between ocean species.
4,Education Officials Expand Access to Online Degree Programs,Universities introduce flexible programs that allow students to complete degrees remotely.
4,Renewable Energy Projects Transform Rural Communities,New wind and solar developments bring jobs and economic growth to remote regions.
1,Artificial Intelligence Helps Detect Early Signs of Disease,Researchers develop machine learning models that assist doctors with early diagnosis.
1,Urban Planners Introduce Green Building Standards,Cities adopt environmental guidelines for new construction projects.
3,Financial Analysts Monitor Shifts in Global Investment Trends,Market experts evaluate how international investors are responding to economic changes.
4,Space Scientists Prepare for Next Generation Telescope Launch,Astronomers finalize plans for a powerful telescope designed to observe distant galaxies.
4,Environmental Groups Promote Restoration of Wetland Habitats,Conservation projects focus on protecting wetlands and improving biodiversity.
4,Technology Developers Create More Efficient Data Centers,New engineering designs aim to reduce energy consumption in large computing facilities.
4,Scientists Study Impact of Changing Rainfall Patterns,Researchers examine how altered precipitation affects agriculture and ecosystems.
4,Public Transportation Authorities Expand Rail Services,Transit agencies plan new rail lines to improve mobility in growing cities.
4,Medical Researchers Investigate New Vaccine Delivery Methods,Scientists test innovative approaches to make vaccines easier to distribute.
3,Economists Analyze Impact of Automation on Employment,Studies explore how automation technologies may reshape the future workforce.
4,Digital Security Specialists Address Growing Identity Theft Risks,Experts warn consumers about emerging threats related to online identity fraud.
4,Researchers Examine Benefits of Renewable Energy Storage,New battery systems help stabilize electricity generated from renewable sources.
3,Global Tourism Industry Invests in Sustainable Travel Initiatives,Travel companies promote environmentally responsible tourism practices.
4,Scientists Explore Potential of Ocean Based Renewable Energy,Researchers investigate technologies that harness energy from tides and waves.
4,Education Programs Encourage Student Participation in Science Fairs,Schools promote hands on learning through national and regional competitions.
4,Tech Companies Develop Tools for Advanced Data Analytics,New platforms help organizations interpret complex datasets more efficiently.
4,Climate Experts Highlight Importance of Coastal Protection,Studies emphasize infrastructure improvements needed to protect coastal communities.
3,Medical Institutions Expand Research into Neurodegenerative Diseases,Scientists work to better understand conditions affecting brain health.
4,Urban Communities Promote Local Food Production,City residents establish community gardens and urban farming initiatives.
4,Scientists Test New Methods for Recycling Electronic Waste,Researchers design processes to recover valuable materials from discarded electronics.
4,Artificial Intelligence Systems Improve Language Processing Tools,Advanced algorithms enhance translation and speech recognition capabilities.
4,Energy Companies Evaluate Future of Hydrogen Fuel Technology,Industry leaders assess hydrogen as an alternative energy source.
4,Researchers Document Changes in Mountain Ecosystems,Studies reveal how warming temperatures are affecting alpine environments.
4,Financial Technology Innovations Simplify Small Business Payments,New digital tools help entrepreneurs manage transactions and accounting.
4,Scientists Study Migration Routes of Endangered Birds,Tracking technology helps researchers understand bird movement patterns.
1,Education Leaders Introduce Programs Supporting STEM Careers,Schools encourage students to pursue careers in science technology engineering and mathematics.
4,Space Exploration Teams Test Robotic Surface Vehicles,Engineers design robotic vehicles for exploring planetary surfaces.
4,Environmental Monitoring Systems Improve Air Quality Tracking,New sensors provide detailed information about pollution levels in cities.
4,Healthcare Providers Adopt AI Assisted Imaging Systems,Hospitals implement tools that assist radiologists in analyzing scans.
4,Global Organizations Work to Improve Disaster Preparedness,International programs strengthen response strategies for natural disasters.
3,Researchers Explore Advances in Sustainable Construction Materials,New materials aim to reduce the environmental impact of buildings.
4,Transportation Experts Study Future of High Speed Rail Networks,Plans are evaluated for expanding rapid rail transportation between major regions.
4,Scientists Investigate Links Between Climate Change and Wildlife Behavior,Studies analyze how changing climates affect animal migration and reproduction.
4,Technology Industry Focuses on Secure Internet Infrastructure,Companies work to strengthen protection for global digital communication systems.
4,Medical Scientists Develop New Approaches to Personalized Medicine,Researchers create treatments tailored to individual patient genetics.
4,Urban Development Projects Emphasize Public Green Spaces,City planners incorporate parks and open spaces into development plans.
4,Researchers Analyze Economic Effects of Remote Work Trends,Studies examine how remote work influences productivity and urban economies.
4,Renewable Energy Engineers Improve Offshore Wind Technology,New turbine designs increase energy production in offshore environments.
4,Scientists Examine Health Benefits of Regular Physical Activity,Research highlights positive effects of exercise on long term health outcomes.
4,Digital Platforms Expand Access to Global Education Resources,Online systems provide educational content to learners worldwide.
4,Environmental Scientists Investigate Freshwater Conservation Strategies,Programs focus on protecting lakes rivers and groundwater resources.
4,Artificial Intelligence Applications Assist Scientific Research,Machine learning tools help scientists process large volumes of experimental data.
4,Public Policy Experts Debate Regulation of Emerging Technologies,Government officials consider new laws addressing rapidly developing innovations.
4,Researchers Explore Future of Sustainable Urban Transportation,Studies focus on reducing emissions through improved transit and electric mobility.
